{"cameraMode":{"drawMode":0,"name":"Shaded","section":"Shading Mode"},"sceneLighting":true,"audioPlay":false,"sceneViewState":{"m_AlwaysRefresh":false,"showFog":true,"showSkybox":true,"showFlares":true,"showImageEffects":true,"showParticleSystems":true,"showVisualEffectGraphs":true,"m_FxEnabled":true},"in2DMode":false,"pivot":{"x":3498.15771484375,"y":1491.0467529296875,"z":116.37451171875},"rotation":{"x":-0.004809211473912001,"y":0.000041530704038450494,"z":-0.00003627900514402427,"w":-1.0000094175338746},"size":1643.7196044921875,"orthographic":false}